,Supplier_Lead_Time,Inventory_Levels,Order_Frequency,Delivery_Performance,Cost_Per_Unit
Supplier_Lead_Time,1.0,0.364534707,-0.873771877,-0.907855873,0.963892866
Inventory_Levels,0.364534707,1.0,-0.243412349,-0.339683458,0.373932815
Order_Frequency,-0.873771877,-0.243412349,1.0,0.787365491,-0.838322706
Delivery_Performance,-0.907855873,-0.339683458,0.787365491,1.0,-0.902568906
Cost_Per_Unit,0.963892866,0.373932815,-0.838322706,-0.902568906,1.0
